PG.Genes,PG.ProteinDescriptions,PG.ProteinGroups,PG.UniProtIds,PG.Pvalue,PG.Qvalue,EG.PrecursorId,[1] Sample_1_20241105.raw.PG.Quantity,[2] Sample_2_20241105.raw.PG.Quantity,[3] Sample_3_20241105.raw.PG.Quantity,[4] Sample_4_20241105.raw.PG.Quantity,[5] Sample_5_20241105.raw.PG.Quantity,[6] Sample_6_20241105.raw.PG.Quantity,[7] Sample_7_20241105.raw.PG.Quantity,[8] Sample_8_20241105.raw.PG.Quantity,[9] Sample_9_20241105.raw.PG.Quantity,[10] Sample_10_20241105.raw.PG.Quantity,[11] Sample_11_20241105.raw.PG.Quantity,[12] Sample_12_20241105.raw.PG.Quantity,[13] Sample_13_20241105.raw.PG.Quantity,[14] Sample_14_20241105.raw.PG.Quantity,[15] Sample_15_20241105.raw.PG.Quantity,[16] Sample_16_20241105.raw.PG.Quantity,[17] Sample_17_20241105.raw.PG.Quantity,[18] Sample_18_20241105.raw.PG.Quantity,[19] Sample_19_20241105.raw.PG.Quantity,[20] Sample_20_20241105.raw.PG.Quantity,[21] Sample_21_20241105.raw.PG.Quantity,[22] Sample_22_20241105.raw.PG.Quantity,[23] Sample_23_20241105.raw.PG.Quantity,[24] Sample_24_20241105.raw.PG.Quantity,[25] Sample_25_20241105.raw.PG.Quantity,[26] Sample_26_20241105.raw.PG.Quantity,[27] Sample_27_20241105.raw.PG.Quantity,[28] Sample_28_20241105.raw.PG.Quantity,[29] Sample_29_20241105.raw.PG.Quantity,[30] Sample_30_20241105.raw.PG.Quantity,[31] Sample_31_20241105.raw.PG.Quantity,[32] Sample_32_20241105.raw.PG.Quantity,[33] Sample_33_20241105.raw.PG.Quantity,[34] Sample_34_20241105.raw.PG.Quantity,[35] Sample_35_20241105.raw.PG.Quantity,[36] Sample_36_20241105.raw.PG.Quantity,[37] Sample_37_20241105.raw.PG.Quantity,[38] Sample_38_20241105.raw.PG.Quantity,[39] Sample_39_20241105.raw.PG.Quantity,[40] Sample_40_20241105.raw.PG.Quantity
ATIC,Bifunctional purine biosynthesis protein ATIC,P31939,P31939,2.820351461490372E-07,0,_HVSPAGAAVGIPLSEDEAK_.3,7913465.5,7238843,7083090,5454539.5,3291901,1542812.125,362589.375,132593.6719,204328.2969,78022.96875,7737944,7905190,7139547.5,5418269,3401837.5,1514126.75,406318.0313,113143.5781,82515.23438,61517.41016,5856743,7362987.5,7787083.5,7474739,5833905,2883893.25,819077.75,183982.375,61592.74609,104784.125,7475048,7223275,7401514,6296286,4941358,2939028.5,860281.5,204103.5625,77816.60156,63081.125
ATIC,Bifunctional purine biosynthesis protein ATIC,P31939,P31939,2.820351461490372E-07,0,_HVSPAGAAVGIPLSEDEAK_.2,7913465.5,7238843,7083090,5454539.5,3291901,1542812.125,362589.375,132593.6719,204328.2969,78022.96875,7737944,7905190,7139547.5,5418269,3401837.5,1514126.75,406318.0313,113143.5781,82515.23438,61517.41016,5856743,7362987.5,7787083.5,7474739,5833905,2883893.25,819077.75,183982.375,61592.74609,104784.125,7475048,7223275,7401514,6296286,4941358,2939028.5,860281.5,204103.5625,77816.60156,63081.125
ATIC,Bifunctional purine biosynthesis protein ATIC,P31939,P31939,2.820351461490372E-07,0,_NGQVIGIGAGQQSR_.2,7913465.5,7238843,7083090,5454539.5,3291901,1542812.125,362589.375,132593.6719,204328.2969,78022.96875,7737944,7905190,7139547.5,5418269,3401837.5,1514126.75,406318.0313,113143.5781,82515.23438,61517.41016,5856743,7362987.5,7787083.5,7474739,5833905,2883893.25,819077.75,183982.375,61592.74609,104784.125,7475048,7223275,7401514,6296286,4941358,2939028.5,860281.5,204103.5625,77816.60156,63081.125
ATIC,Bifunctional purine biosynthesis protein ATIC,P31939,P31939,2.820351461490372E-07,0,_SLFSNVVTK_.2,7913465.5,7238843,7083090,5454539.5,3291901,1542812.125,362589.375,132593.6719,204328.2969,78022.96875,7737944,7905190,7139547.5,5418269,3401837.5,1514126.75,406318.0313,113143.5781,82515.23438,61517.41016,5856743,7362987.5,7787083.5,7474739,5833905,2883893.25,819077.75,183982.375,61592.74609,104784.125,7475048,7223275,7401514,6296286,4941358,2939028.5,860281.5,204103.5625,77816.60156,63081.125
ATIC,Bifunctional purine biosynthesis protein ATIC,P31939,P31939,2.820351461490372E-07,0,_SLFSNVVTK_.1,7913465.5,7238843,7083090,5454539.5,3291901,1542812.125,362589.375,132593.6719,204328.2969,78022.96875,7737944,7905190,7139547.5,5418269,3401837.5,1514126.75,406318.0313,113143.5781,82515.23438,61517.41016,5856743,7362987.5,7787083.5,7474739,5833905,2883893.25,819077.75,183982.375,61592.74609,104784.125,7475048,7223275,7401514,6296286,4941358,2939028.5,860281.5,204103.5625,77816.60156,63081.125
ATIC,Bifunctional purine biosynthesis protein ATIC,P31939,P31939,2.820351461490372E-07,0,_YTQSNSVC[Carbamidomethyl (C)]YAK_.2,7913465.5,7238843,7083090,5454539.5,3291901,1542812.125,362589.375,132593.6719,204328.2969,78022.96875,7737944,7905190,7139547.5,5418269,3401837.5,1514126.75,406318.0313,113143.5781,82515.23438,61517.41016,5856743,7362987.5,7787083.5,7474739,5833905,2883893.25,819077.75,183982.375,61592.74609,104784.125,7475048,7223275,7401514,6296286,4941358,2939028.5,860281.5,204103.5625,77816.60156,63081.125
ATIC,Bifunctional purine biosynthesis protein ATIC,P31939,P31939,2.820351461490372E-07,0,_TLTPISAAYAR_.2,7913465.5,7238843,7083090,5454539.5,3291901,1542812.125,362589.375,132593.6719,204328.2969,78022.96875,7737944,7905190,7139547.5,5418269,3401837.5,1514126.75,406318.0313,113143.5781,82515.23438,61517.41016,5856743,7362987.5,7787083.5,7474739,5833905,2883893.25,819077.75,183982.375,61592.74609,104784.125,7475048,7223275,7401514,6296286,4941358,2939028.5,860281.5,204103.5625,77816.60156,63081.125
ATIC,Bifunctional purine biosynthesis protein ATIC,P31939,P31939,2.820351461490372E-07,0,_TLHPAVHAGILAR_.3,7913465.5,7238843,7083090,5454539.5,3291901,1542812.125,362589.375,132593.6719,204328.2969,78022.96875,7737944,7905190,7139547.5,5418269,3401837.5,1514126.75,406318.0313,113143.5781,82515.23438,61517.41016,5856743,7362987.5,7787083.5,7474739,5833905,2883893.25,819077.75,183982.375,61592.74609,104784.125,7475048,7223275,7401514,6296286,4941358,2939028.5,860281.5,204103.5625,77816.60156,63081.125
ATIC,Bifunctional purine biosynthesis protein ATIC,P31939,P31939,2.820351461490372E-07,0,_TLHPAVHAGILAR_.2,7913465.5,7238843,7083090,5454539.5,3291901,1542812.125,362589.375,132593.6719,204328.2969,78022.96875,7737944,7905190,7139547.5,5418269,3401837.5,1514126.75,406318.0313,113143.5781,82515.23438,61517.41016,5856743,7362987.5,7787083.5,7474739,5833905,2883893.25,819077.75,183982.375,61592.74609,104784.125,7475048,7223275,7401514,6296286,4941358,2939028.5,860281.5,204103.5625,77816.60156,63081.125
ATIC,Bifunctional purine biosynthesis protein ATIC,P31939,P31939,2.820351461490372E-07,0,_NIPEDNADMAR_.2,7913465.5,7238843,7083090,5454539.5,3291901,1542812.125,362589.375,132593.6719,204328.2969,78022.96875,7737944,7905190,7139547.5,5418269,3401837.5,1514126.75,406318.0313,113143.5781,82515.23438,61517.41016,5856743,7362987.5,7787083.5,7474739,5833905,2883893.25,819077.75,183982.375,61592.74609,104784.125,7475048,7223275,7401514,6296286,4941358,2939028.5,860281.5,204103.5625,77816.60156,63081.125
ATIC,Bifunctional purine biosynthesis protein ATIC,P31939,P31939,2.820351461490372E-07,0,_MSSFGDFVALSDVC[Carbamidomethyl (C)]DVPTAK_.2,7913465.5,7238843,7083090,5454539.5,3291901,1542812.125,362589.375,132593.6719,204328.2969,78022.96875,7737944,7905190,7139547.5,5418269,3401837.5,1514126.75,406318.0313,113143.5781,82515.23438,61517.41016,5856743,7362987.5,7787083.5,7474739,5833905,2883893.25,819077.75,183982.375,61592.74609,104784.125,7475048,7223275,7401514,6296286,4941358,2939028.5,860281.5,204103.5625,77816.60156,63081.125
ATIC,Bifunctional purine biosynthesis protein ATIC,P31939,P31939,2.820351461490372E-07,0,_MSSFGDFVALSDVC[Carbamidomethyl (C)]DVPTAK_.3,7913465.5,7238843,7083090,5454539.5,3291901,1542812.125,362589.375,132593.6719,204328.2969,78022.96875,7737944,7905190,7139547.5,5418269,3401837.5,1514126.75,406318.0313,113143.5781,82515.23438,61517.41016,5856743,7362987.5,7787083.5,7474739,5833905,2883893.25,819077.75,183982.375,61592.74609,104784.125,7475048,7223275,7401514,6296286,4941358,2939028.5,860281.5,204103.5625,77816.60156,63081.125
ATIC,Bifunctional purine biosynthesis protein ATIC,P31939,P31939,2.820351461490372E-07,0,_EALGIPAAASFK_.2,7913465.5,7238843,7083090,5454539.5,3291901,1542812.125,362589.375,132593.6719,204328.2969,78022.96875,7737944,7905190,7139547.5,5418269,3401837.5,1514126.75,406318.0313,113143.5781,82515.23438,61517.41016,5856743,7362987.5,7787083.5,7474739,5833905,2883893.25,819077.75,183982.375,61592.74609,104784.125,7475048,7223275,7401514,6296286,4941358,2939028.5,860281.5,204103.5625,77816.60156,63081.125
ATIC,Bifunctional purine biosynthesis protein ATIC,P31939,P31939,2.820351461490372E-07,0,_EALGIPAAASFK_.1,7913465.5,7238843,7083090,5454539.5,3291901,1542812.125,362589.375,132593.6719,204328.2969,78022.96875,7737944,7905190,7139547.5,5418269,3401837.5,1514126.75,406318.0313,113143.5781,82515.23438,61517.41016,5856743,7362987.5,7787083.5,7474739,5833905,2883893.25,819077.75,183982.375,61592.74609,104784.125,7475048,7223275,7401514,6296286,4941358,2939028.5,860281.5,204103.5625,77816.60156,63081.125
ATIC,Bifunctional purine biosynthesis protein ATIC,P31939,P31939,2.820351461490372E-07,0,_AFTHTAQYDEAISDYFR_.3,7913465.5,7238843,7083090,5454539.5,3291901,1542812.125,362589.375,132593.6719,204328.2969,78022.96875,7737944,7905190,7139547.5,5418269,3401837.5,1514126.75,406318.0313,113143.5781,82515.23438,61517.41016,5856743,7362987.5,7787083.5,7474739,5833905,2883893.25,819077.75,183982.375,61592.74609,104784.125,7475048,7223275,7401514,6296286,4941358,2939028.5,860281.5,204103.5625,77816.60156,63081.125
ATIC,Bifunctional purine biosynthesis protein ATIC,P31939,P31939,2.820351461490372E-07,0,_AFTHTAQYDEAISDYFR_.2,7913465.5,7238843,7083090,5454539.5,3291901,1542812.125,362589.375,132593.6719,204328.2969,78022.96875,7737944,7905190,7139547.5,5418269,3401837.5,1514126.75,406318.0313,113143.5781,82515.23438,61517.41016,5856743,7362987.5,7787083.5,7474739,5833905,2883893.25,819077.75,183982.375,61592.74609,104784.125,7475048,7223275,7401514,6296286,4941358,2939028.5,860281.5,204103.5625,77816.60156,63081.125
ATIC,Bifunctional purine biosynthesis protein ATIC,P31939,P31939,2.820351461490372E-07,0,_RSGVAYIAAPSGSAADK_.3,7913465.5,7238843,7083090,5454539.5,3291901,1542812.125,362589.375,132593.6719,204328.2969,78022.96875,7737944,7905190,7139547.5,5418269,3401837.5,1514126.75,406318.0313,113143.5781,82515.23438,61517.41016,5856743,7362987.5,7787083.5,7474739,5833905,2883893.25,819077.75,183982.375,61592.74609,104784.125,7475048,7223275,7401514,6296286,4941358,2939028.5,860281.5,204103.5625,77816.60156,63081.125
ATIC,Bifunctional purine biosynthesis protein ATIC,P31939,P31939,2.820351461490372E-07,0,_RSGVAYIAAPSGSAADK_.2,7913465.5,7238843,7083090,5454539.5,3291901,1542812.125,362589.375,132593.6719,204328.2969,78022.96875,7737944,7905190,7139547.5,5418269,3401837.5,1514126.75,406318.0313,113143.5781,82515.23438,61517.41016,5856743,7362987.5,7787083.5,7474739,5833905,2883893.25,819077.75,183982.375,61592.74609,104784.125,7475048,7223275,7401514,6296286,4941358,2939028.5,860281.5,204103.5625,77816.60156,63081.125
ATIC,Bifunctional purine biosynthesis protein ATIC,P31939,P31939,2.820351461490372E-07,0,_DLPESALR_.2,7913465.5,7238843,7083090,5454539.5,3291901,1542812.125,362589.375,132593.6719,204328.2969,78022.96875,7737944,7905190,7139547.5,5418269,3401837.5,1514126.75,406318.0313,113143.5781,82515.23438,61517.41016,5856743,7362987.5,7787083.5,7474739,5833905,2883893.25,819077.75,183982.375,61592.74609,104784.125,7475048,7223275,7401514,6296286,4941358,2939028.5,860281.5,204103.5625,77816.60156,63081.125
ATIC,Bifunctional purine biosynthesis protein ATIC,P31939,P31939,2.820351461490372E-07,0,_DLPESALR_.1,7913465.5,7238843,7083090,5454539.5,3291901,1542812.125,362589.375,132593.6719,204328.2969,78022.96875,7737944,7905190,7139547.5,5418269,3401837.5,1514126.75,406318.0313,113143.5781,82515.23438,61517.41016,5856743,7362987.5,7787083.5,7474739,5833905,2883893.25,819077.75,183982.375,61592.74609,104784.125,7475048,7223275,7401514,6296286,4941358,2939028.5,860281.5,204103.5625,77816.60156,63081.125
ATIC,Bifunctional purine biosynthesis protein ATIC,P31939,P31939,2.820351461490372E-07,0,_SGVAYIAAPSGSAADK_.2,7913465.5,7238843,7083090,5454539.5,3291901,1542812.125,362589.375,132593.6719,204328.2969,78022.96875,7737944,7905190,7139547.5,5418269,3401837.5,1514126.75,406318.0313,113143.5781,82515.23438,61517.41016,5856743,7362987.5,7787083.5,7474739,5833905,2883893.25,819077.75,183982.375,61592.74609,104784.125,7475048,7223275,7401514,6296286,4941358,2939028.5,860281.5,204103.5625,77816.60156,63081.125
ATIC,Bifunctional purine biosynthesis protein ATIC,P31939,P31939,2.820351461490372E-07,0,_SGVAYIAAPSGSAADK_.1,7913465.5,7238843,7083090,5454539.5,3291901,1542812.125,362589.375,132593.6719,204328.2969,78022.96875,7737944,7905190,7139547.5,5418269,3401837.5,1514126.75,406318.0313,113143.5781,82515.23438,61517.41016,5856743,7362987.5,7787083.5,7474739,5833905,2883893.25,819077.75,183982.375,61592.74609,104784.125,7475048,7223275,7401514,6296286,4941358,2939028.5,860281.5,204103.5625,77816.60156,63081.125
ATIC,Bifunctional purine biosynthesis protein ATIC,P31939,P31939,2.820351461490372E-07,0,_SGVAYIAAPSGSAADK_.3,7913465.5,7238843,7083090,5454539.5,3291901,1542812.125,362589.375,132593.6719,204328.2969,78022.96875,7737944,7905190,7139547.5,5418269,3401837.5,1514126.75,406318.0313,113143.5781,82515.23438,61517.41016,5856743,7362987.5,7787083.5,7474739,5833905,2883893.25,819077.75,183982.375,61592.74609,104784.125,7475048,7223275,7401514,6296286,4941358,2939028.5,860281.5,204103.5625,77816.60156,63081.125
ATIC,Bifunctional purine biosynthesis protein ATIC,P31939,P31939,2.820351461490372E-07,0,_RAEISNAIDQYVTGTIGEDEDLIK_.3,7913465.5,7238843,7083090,5454539.5,3291901,1542812.125,362589.375,132593.6719,204328.2969,78022.96875,7737944,7905190,7139547.5,5418269,3401837.5,1514126.75,406318.0313,113143.5781,82515.23438,61517.41016,5856743,7362987.5,7787083.5,7474739,5833905,2883893.25,819077.75,183982.375,61592.74609,104784.125,7475048,7223275,7401514,6296286,4941358,2939028.5,860281.5,204103.5625,77816.60156,63081.125
ATIC,Bifunctional purine biosynthesis protein ATIC,P31939,P31939,2.820351461490372E-07,0,_DLIVATIAVK_.2,7913465.5,7238843,7083090,5454539.5,3291901,1542812.125,362589.375,132593.6719,204328.2969,78022.96875,7737944,7905190,7139547.5,5418269,3401837.5,1514126.75,406318.0313,113143.5781,82515.23438,61517.41016,5856743,7362987.5,7787083.5,7474739,5833905,2883893.25,819077.75,183982.375,61592.74609,104784.125,7475048,7223275,7401514,6296286,4941358,2939028.5,860281.5,204103.5625,77816.60156,63081.125
ATIC,Bifunctional purine biosynthesis protein ATIC,P31939,P31939,2.820351461490372E-07,0,_LDFNLIR_.1,7913465.5,7238843,7083090,5454539.5,3291901,1542812.125,362589.375,132593.6719,204328.2969,78022.96875,7737944,7905190,7139547.5,5418269,3401837.5,1514126.75,406318.0313,113143.5781,82515.23438,61517.41016,5856743,7362987.5,7787083.5,7474739,5833905,2883893.25,819077.75,183982.375,61592.74609,104784.125,7475048,7223275,7401514,6296286,4941358,2939028.5,860281.5,204103.5625,77816.60156,63081.125
ATIC,Bifunctional purine biosynthesis protein ATIC,P31939,P31939,2.820351461490372E-07,0,_TLFGLHLSQK_.1,7913465.5,7238843,7083090,5454539.5,3291901,1542812.125,362589.375,132593.6719,204328.2969,78022.96875,7737944,7905190,7139547.5,5418269,3401837.5,1514126.75,406318.0313,113143.5781,82515.23438,61517.41016,5856743,7362987.5,7787083.5,7474739,5833905,2883893.25,819077.75,183982.375,61592.74609,104784.125,7475048,7223275,7401514,6296286,4941358,2939028.5,860281.5,204103.5625,77816.60156,63081.125
ATIC,Bifunctional purine biosynthesis protein ATIC,P31939,P31939,2.820351461490372E-07,0,_HHPQVLSM[Oxidation (M)]K_.3,7913465.5,7238843,7083090,5454539.5,3291901,1542812.125,362589.375,132593.6719,204328.2969,78022.96875,7737944,7905190,7139547.5,5418269,3401837.5,1514126.75,406318.0313,113143.5781,82515.23438,61517.41016,5856743,7362987.5,7787083.5,7474739,5833905,2883893.25,819077.75,183982.375,61592.74609,104784.125,7475048,7223275,7401514,6296286,4941358,2939028.5,860281.5,204103.5625,77816.60156,63081.125
ATIC,Bifunctional purine biosynthesis protein ATIC,P31939,P31939,2.820351461490372E-07,0,_HHPQVLSMK_.3,7913465.5,7238843,7083090,5454539.5,3291901,1542812.125,362589.375,132593.6719,204328.2969,78022.96875,7737944,7905190,7139547.5,5418269,3401837.5,1514126.75,406318.0313,113143.5781,82515.23438,61517.41016,5856743,7362987.5,7787083.5,7474739,5833905,2883893.25,819077.75,183982.375,61592.74609,104784.125,7475048,7223275,7401514,6296286,4941358,2939028.5,860281.5,204103.5625,77816.60156,63081.125
ATIC,Bifunctional purine biosynthesis protein ATIC,P31939,P31939,2.820351461490372E-07,0,_HHPQVLSMK_.2,7913465.5,7238843,7083090,5454539.5,3291901,1542812.125,362589.375,132593.6719,204328.2969,78022.96875,7737944,7905190,7139547.5,5418269,3401837.5,1514126.75,406318.0313,113143.5781,82515.23438,61517.41016,5856743,7362987.5,7787083.5,7474739,5833905,2883893.25,819077.75,183982.375,61592.74609,104784.125,7475048,7223275,7401514,6296286,4941358,2939028.5,860281.5,204103.5625,77816.60156,63081.125
ATIC,Bifunctional purine biosynthesis protein ATIC,P31939,P31939,2.820351461490372E-07,0,_HHPQVLSM[Oxidation (M)]K_.2,7913465.5,7238843,7083090,5454539.5,3291901,1542812.125,362589.375,132593.6719,204328.2969,78022.96875,7737944,7905190,7139547.5,5418269,3401837.5,1514126.75,406318.0313,113143.5781,82515.23438,61517.41016,5856743,7362987.5,7787083.5,7474739,5833905,2883893.25,819077.75,183982.375,61592.74609,104784.125,7475048,7223275,7401514,6296286,4941358,2939028.5,860281.5,204103.5625,77816.60156,63081.125
ATIC,Bifunctional purine biosynthesis protein ATIC,P31939,P31939,2.820351461490372E-07,0,_APGQLALFSVSDK_.2,7913465.5,7238843,7083090,5454539.5,3291901,1542812.125,362589.375,132593.6719,204328.2969,78022.96875,7737944,7905190,7139547.5,5418269,3401837.5,1514126.75,406318.0313,113143.5781,82515.23438,61517.41016,5856743,7362987.5,7787083.5,7474739,5833905,2883893.25,819077.75,183982.375,61592.74609,104784.125,7475048,7223275,7401514,6296286,4941358,2939028.5,860281.5,204103.5625,77816.60156,63081.125
ATIC,Bifunctional purine biosynthesis protein ATIC,P31939,P31939,2.820351461490372E-07,0,_APGQLALFSVSDK_.1,7913465.5,7238843,7083090,5454539.5,3291901,1542812.125,362589.375,132593.6719,204328.2969,78022.96875,7737944,7905190,7139547.5,5418269,3401837.5,1514126.75,406318.0313,113143.5781,82515.23438,61517.41016,5856743,7362987.5,7787083.5,7474739,5833905,2883893.25,819077.75,183982.375,61592.74609,104784.125,7475048,7223275,7401514,6296286,4941358,2939028.5,860281.5,204103.5625,77816.60156,63081.125
ATIC,Bifunctional purine biosynthesis protein ATIC,P31939,P31939,2.820351461490372E-07,0,_APGQLALFSVSDK_.3,7913465.5,7238843,7083090,5454539.5,3291901,1542812.125,362589.375,132593.6719,204328.2969,78022.96875,7737944,7905190,7139547.5,5418269,3401837.5,1514126.75,406318.0313,113143.5781,82515.23438,61517.41016,5856743,7362987.5,7787083.5,7474739,5833905,2883893.25,819077.75,183982.375,61592.74609,104784.125,7475048,7223275,7401514,6296286,4941358,2939028.5,860281.5,204103.5625,77816.60156,63081.125
ATIC,Bifunctional purine biosynthesis protein ATIC,P31939,P31939,2.820351461490372E-07,0,_NLTALGLNLVASGGTAK_.2,7913465.5,7238843,7083090,5454539.5,3291901,1542812.125,362589.375,132593.6719,204328.2969,78022.96875,7737944,7905190,7139547.5,5418269,3401837.5,1514126.75,406318.0313,113143.5781,82515.23438,61517.41016,5856743,7362987.5,7787083.5,7474739,5833905,2883893.25,819077.75,183982.375,61592.74609,104784.125,7475048,7223275,7401514,6296286,4941358,2939028.5,860281.5,204103.5625,77816.60156,63081.125
ATIC,Bifunctional purine biosynthesis protein ATIC,P31939,P31939,2.820351461490372E-07,0,_NLTALGLNLVASGGTAK_.3,7913465.5,7238843,7083090,5454539.5,3291901,1542812.125,362589.375,132593.6719,204328.2969,78022.96875,7737944,7905190,7139547.5,5418269,3401837.5,1514126.75,406318.0313,113143.5781,82515.23438,61517.41016,5856743,7362987.5,7787083.5,7474739,5833905,2883893.25,819077.75,183982.375,61592.74609,104784.125,7475048,7223275,7401514,6296286,4941358,2939028.5,860281.5,204103.5625,77816.60156,63081.125
ATIC,Bifunctional purine biosynthesis protein ATIC,P31939,P31939,2.820351461490372E-07,0,_VC[Carbamidomethyl (C)]MVYDLYK_.2,7913465.5,7238843,7083090,5454539.5,3291901,1542812.125,362589.375,132593.6719,204328.2969,78022.96875,7737944,7905190,7139547.5,5418269,3401837.5,1514126.75,406318.0313,113143.5781,82515.23438,61517.41016,5856743,7362987.5,7787083.5,7474739,5833905,2883893.25,819077.75,183982.375,61592.74609,104784.125,7475048,7223275,7401514,6296286,4941358,2939028.5,860281.5,204103.5625,77816.60156,63081.125
ATIC,Bifunctional purine biosynthesis protein ATIC,P31939,P31939,2.820351461490372E-07,0,_VC[Carbamidomethyl (C)]MVYDLYK_.1,7913465.5,7238843,7083090,5454539.5,3291901,1542812.125,362589.375,132593.6719,204328.2969,78022.96875,7737944,7905190,7139547.5,5418269,3401837.5,1514126.75,406318.0313,113143.5781,82515.23438,61517.41016,5856743,7362987.5,7787083.5,7474739,5833905,2883893.25,819077.75,183982.375,61592.74609,104784.125,7475048,7223275,7401514,6296286,4941358,2939028.5,860281.5,204103.5625,77816.60156,63081.125
ATIC,Bifunctional purine biosynthesis protein ATIC,P31939,P31939,2.820351461490372E-07,0,_VC[Carbamidomethyl (C)]M[Oxidation (M)]VYDLYK_.2,7913465.5,7238843,7083090,5454539.5,3291901,1542812.125,362589.375,132593.6719,204328.2969,78022.96875,7737944,7905190,7139547.5,5418269,3401837.5,1514126.75,406318.0313,113143.5781,82515.23438,61517.41016,5856743,7362987.5,7787083.5,7474739,5833905,2883893.25,819077.75,183982.375,61592.74609,104784.125,7475048,7223275,7401514,6296286,4941358,2939028.5,860281.5,204103.5625,77816.60156,63081.125
ATIC,Bifunctional purine biosynthesis protein ATIC,P31939,P31939,2.820351461490372E-07,0,_ALFEEVPELLTEAEKK_.3,7913465.5,7238843,7083090,5454539.5,3291901,1542812.125,362589.375,132593.6719,204328.2969,78022.96875,7737944,7905190,7139547.5,5418269,3401837.5,1514126.75,406318.0313,113143.5781,82515.23438,61517.41016,5856743,7362987.5,7787083.5,7474739,5833905,2883893.25,819077.75,183982.375,61592.74609,104784.125,7475048,7223275,7401514,6296286,4941358,2939028.5,860281.5,204103.5625,77816.60156,63081.125
ATIC,Bifunctional purine biosynthesis protein ATIC,P31939,P31939,2.820351461490372E-07,0,_ALFEEVPELLTEAEKK_.2,7913465.5,7238843,7083090,5454539.5,3291901,1542812.125,362589.375,132593.6719,204328.2969,78022.96875,7737944,7905190,7139547.5,5418269,3401837.5,1514126.75,406318.0313,113143.5781,82515.23438,61517.41016,5856743,7362987.5,7787083.5,7474739,5833905,2883893.25,819077.75,183982.375,61592.74609,104784.125,7475048,7223275,7401514,6296286,4941358,2939028.5,860281.5,204103.5625,77816.60156,63081.125
ATIC,Bifunctional purine biosynthesis protein ATIC,P31939,P31939,2.820351461490372E-07,0,_VVIEAC[Carbamidomethyl (C)]DELGIILAHTNLR_.3,7913465.5,7238843,7083090,5454539.5,3291901,1542812.125,362589.375,132593.6719,204328.2969,78022.96875,7737944,7905190,7139547.5,5418269,3401837.5,1514126.75,406318.0313,113143.5781,82515.23438,61517.41016,5856743,7362987.5,7787083.5,7474739,5833905,2883893.25,819077.75,183982.375,61592.74609,104784.125,7475048,7223275,7401514,6296286,4941358,2939028.5,860281.5,204103.5625,77816.60156,63081.125
ATIC,Bifunctional purine biosynthesis protein ATIC,P31939,P31939,2.820351461490372E-07,0,_TGLVEFAR_.1,7913465.5,7238843,7083090,5454539.5,3291901,1542812.125,362589.375,132593.6719,204328.2969,78022.96875,7737944,7905190,7139547.5,5418269,3401837.5,1514126.75,406318.0313,113143.5781,82515.23438,61517.41016,5856743,7362987.5,7787083.5,7474739,5833905,2883893.25,819077.75,183982.375,61592.74609,104784.125,7475048,7223275,7401514,6296286,4941358,2939028.5,860281.5,204103.5625,77816.60156,63081.125
ATIC,Bifunctional purine biosynthesis protein ATIC,P31939,P31939,2.820351461490372E-07,0,_ANYWWLR_.2,7913465.5,7238843,7083090,5454539.5,3291901,1542812.125,362589.375,132593.6719,204328.2969,78022.96875,7737944,7905190,7139547.5,5418269,3401837.5,1514126.75,406318.0313,113143.5781,82515.23438,61517.41016,5856743,7362987.5,7787083.5,7474739,5833905,2883893.25,819077.75,183982.375,61592.74609,104784.125,7475048,7223275,7401514,6296286,4941358,2939028.5,860281.5,204103.5625,77816.60156,63081.125
ATIC,Bifunctional purine biosynthesis protein ATIC,P31939,P31939,2.820351461490372E-07,0,_ANYWWLR_.1,7913465.5,7238843,7083090,5454539.5,3291901,1542812.125,362589.375,132593.6719,204328.2969,78022.96875,7737944,7905190,7139547.5,5418269,3401837.5,1514126.75,406318.0313,113143.5781,82515.23438,61517.41016,5856743,7362987.5,7787083.5,7474739,5833905,2883893.25,819077.75,183982.375,61592.74609,104784.125,7475048,7223275,7401514,6296286,4941358,2939028.5,860281.5,204103.5625,77816.60156,63081.125
ATIC,Bifunctional purine biosynthesis protein ATIC,P31939,P31939,2.820351461490372E-07,0,_DVSELTGFPEMLGGR_.2,7913465.5,7238843,7083090,5454539.5,3291901,1542812.125,362589.375,132593.6719,204328.2969,78022.96875,7737944,7905190,7139547.5,5418269,3401837.5,1514126.75,406318.0313,113143.5781,82515.23438,61517.41016,5856743,7362987.5,7787083.5,7474739,5833905,2883893.25,819077.75,183982.375,61592.74609,104784.125,7475048,7223275,7401514,6296286,4941358,2939028.5,860281.5,204103.5625,77816.60156,63081.125
ATIC,Bifunctional purine biosynthesis protein ATIC,P31939,P31939,2.820351461490372E-07,0,_DVSELTGFPEM[Oxidation (M)]LGGR_.2,7913465.5,7238843,7083090,5454539.5,3291901,1542812.125,362589.375,132593.6719,204328.2969,78022.96875,7737944,7905190,7139547.5,5418269,3401837.5,1514126.75,406318.0313,113143.5781,82515.23438,61517.41016,5856743,7362987.5,7787083.5,7474739,5833905,2883893.25,819077.75,183982.375,61592.74609,104784.125,7475048,7223275,7401514,6296286,4941358,2939028.5,860281.5,204103.5625,77816.60156,63081.125
ATIC,Bifunctional purine biosynthesis protein ATIC,P31939,P31939,2.820351461490372E-07,0,_DVSELTGFPEMLGGR_.3,7913465.5,7238843,7083090,5454539.5,3291901,1542812.125,362589.375,132593.6719,204328.2969,78022.96875,7737944,7905190,7139547.5,5418269,3401837.5,1514126.75,406318.0313,113143.5781,82515.23438,61517.41016,5856743,7362987.5,7787083.5,7474739,5833905,2883893.25,819077.75,183982.375,61592.74609,104784.125,7475048,7223275,7401514,6296286,4941358,2939028.5,860281.5,204103.5625,77816.60156,63081.125
ATIC,Bifunctional purine biosynthesis protein ATIC,P31939,P31939,2.820351461490372E-07,0,_ELKEALGIPAAASFK_.3,7913465.5,7238843,7083090,5454539.5,3291901,1542812.125,362589.375,132593.6719,204328.2969,78022.96875,7737944,7905190,7139547.5,5418269,3401837.5,1514126.75,406318.0313,113143.5781,82515.23438,61517.41016,5856743,7362987.5,7787083.5,7474739,5833905,2883893.25,819077.75,183982.375,61592.74609,104784.125,7475048,7223275,7401514,6296286,4941358,2939028.5,860281.5,204103.5625,77816.60156,63081.125
ATIC,Bifunctional purine biosynthesis protein ATIC,P31939,P31939,2.820351461490372E-07,0,_ELKEALGIPAAASFK_.2,7913465.5,7238843,7083090,5454539.5,3291901,1542812.125,362589.375,132593.6719,204328.2969,78022.96875,7737944,7905190,7139547.5,5418269,3401837.5,1514126.75,406318.0313,113143.5781,82515.23438,61517.41016,5856743,7362987.5,7787083.5,7474739,5833905,2883893.25,819077.75,183982.375,61592.74609,104784.125,7475048,7223275,7401514,6296286,4941358,2939028.5,860281.5,204103.5625,77816.60156,63081.125
ATIC,Bifunctional purine biosynthesis protein ATIC,P31939,P31939,2.820351461490372E-07,0,_VTVVC[Carbamidomethyl (C)]EPEDYVVVSTEMQSSESK_.3,7913465.5,7238843,7083090,5454539.5,3291901,1542812.125,362589.375,132593.6719,204328.2969,78022.96875,7737944,7905190,7139547.5,5418269,3401837.5,1514126.75,406318.0313,113143.5781,82515.23438,61517.41016,5856743,7362987.5,7787083.5,7474739,5833905,2883893.25,819077.75,183982.375,61592.74609,104784.125,7475048,7223275,7401514,6296286,4941358,2939028.5,860281.5,204103.5625,77816.60156,63081.125
ATIC,Bifunctional purine biosynthesis protein ATIC,P31939,P31939,2.820351461490372E-07,0,_VTVVC[Carbamidomethyl (C)]EPEDYVVVSTEMQSSESK_.2,7913465.5,7238843,7083090,5454539.5,3291901,1542812.125,362589.375,132593.6719,204328.2969,78022.96875,7737944,7905190,7139547.5,5418269,3401837.5,1514126.75,406318.0313,113143.5781,82515.23438,61517.41016,5856743,7362987.5,7787083.5,7474739,5833905,2883893.25,819077.75,183982.375,61592.74609,104784.125,7475048,7223275,7401514,6296286,4941358,2939028.5,860281.5,204103.5625,77816.60156,63081.125
ATIC,Bifunctional purine biosynthesis protein ATIC,P31939,P31939,2.820351461490372E-07,0,_GVSQMPLR_.2,7913465.5,7238843,7083090,5454539.5,3291901,1542812.125,362589.375,132593.6719,204328.2969,78022.96875,7737944,7905190,7139547.5,5418269,3401837.5,1514126.75,406318.0313,113143.5781,82515.23438,61517.41016,5856743,7362987.5,7787083.5,7474739,5833905,2883893.25,819077.75,183982.375,61592.74609,104784.125,7475048,7223275,7401514,6296286,4941358,2939028.5,860281.5,204103.5625,77816.60156,63081.125
ATIC,Bifunctional purine biosynthesis protein ATIC,P31939,P31939,2.820351461490372E-07,0,_GVSQM[Oxidation (M)]PLR_.2,7913465.5,7238843,7083090,5454539.5,3291901,1542812.125,362589.375,132593.6719,204328.2969,78022.96875,7737944,7905190,7139547.5,5418269,3401837.5,1514126.75,406318.0313,113143.5781,82515.23438,61517.41016,5856743,7362987.5,7787083.5,7474739,5833905,2883893.25,819077.75,183982.375,61592.74609,104784.125,7475048,7223275,7401514,6296286,4941358,2939028.5,860281.5,204103.5625,77816.60156,63081.125
ATIC,Bifunctional purine biosynthesis protein ATIC,P31939,P31939,2.820351461490372E-07,0,_YGMNPHQTPAQLYTLQPK_.2,7913465.5,7238843,7083090,5454539.5,3291901,1542812.125,362589.375,132593.6719,204328.2969,78022.96875,7737944,7905190,7139547.5,5418269,3401837.5,1514126.75,406318.0313,113143.5781,82515.23438,61517.41016,5856743,7362987.5,7787083.5,7474739,5833905,2883893.25,819077.75,183982.375,61592.74609,104784.125,7475048,7223275,7401514,6296286,4941358,2939028.5,860281.5,204103.5625,77816.60156,63081.125
ATIC,Bifunctional purine biosynthesis protein ATIC,P31939,P31939,2.820351461490372E-07,0,_YGM[Oxidation (M)]NPHQTPAQLYTLQPK_.3,7913465.5,7238843,7083090,5454539.5,3291901,1542812.125,362589.375,132593.6719,204328.2969,78022.96875,7737944,7905190,7139547.5,5418269,3401837.5,1514126.75,406318.0313,113143.5781,82515.23438,61517.41016,5856743,7362987.5,7787083.5,7474739,5833905,2883893.25,819077.75,183982.375,61592.74609,104784.125,7475048,7223275,7401514,6296286,4941358,2939028.5,860281.5,204103.5625,77816.60156,63081.125
ATIC,Bifunctional purine biosynthesis protein ATIC,P31939,P31939,2.820351461490372E-07,0,_YGM[Oxidation (M)]NPHQTPAQLYTLQPK_.2,7913465.5,7238843,7083090,5454539.5,3291901,1542812.125,362589.375,132593.6719,204328.2969,78022.96875,7737944,7905190,7139547.5,5418269,3401837.5,1514126.75,406318.0313,113143.5781,82515.23438,61517.41016,5856743,7362987.5,7787083.5,7474739,5833905,2883893.25,819077.75,183982.375,61592.74609,104784.125,7475048,7223275,7401514,6296286,4941358,2939028.5,860281.5,204103.5625,77816.60156,63081.125
ATIC,Bifunctional purine biosynthesis protein ATIC,P31939,P31939,2.820351461490372E-07,0,_MAPGQLALFSVSDK_.2,7913465.5,7238843,7083090,5454539.5,3291901,1542812.125,362589.375,132593.6719,204328.2969,78022.96875,7737944,7905190,7139547.5,5418269,3401837.5,1514126.75,406318.0313,113143.5781,82515.23438,61517.41016,5856743,7362987.5,7787083.5,7474739,5833905,2883893.25,819077.75,183982.375,61592.74609,104784.125,7475048,7223275,7401514,6296286,4941358,2939028.5,860281.5,204103.5625,77816.60156,63081.125
ATIC,Bifunctional purine biosynthesis protein ATIC,P31939,P31939,2.820351461490372E-07,0,_LTEVSISSDAFFPFR_.2,7913465.5,7238843,7083090,5454539.5,3291901,1542812.125,362589.375,132593.6719,204328.2969,78022.96875,7737944,7905190,7139547.5,5418269,3401837.5,1514126.75,406318.0313,113143.5781,82515.23438,61517.41016,5856743,7362987.5,7787083.5,7474739,5833905,2883893.25,819077.75,183982.375,61592.74609,104784.125,7475048,7223275,7401514,6296286,4941358,2939028.5,860281.5,204103.5625,77816.60156,63081.125
ATIC,Bifunctional purine biosynthesis protein ATIC,P31939,P31939,2.820351461490372E-07,0,_NGNYC[Carbamidomethyl (C)]VLQMDQSYKPDENEVR_.3,7913465.5,7238843,7083090,5454539.5,3291901,1542812.125,362589.375,132593.6719,204328.2969,78022.96875,7737944,7905190,7139547.5,5418269,3401837.5,1514126.75,406318.0313,113143.5781,82515.23438,61517.41016,5856743,7362987.5,7787083.5,7474739,5833905,2883893.25,819077.75,183982.375,61592.74609,104784.125,7475048,7223275,7401514,6296286,4941358,2939028.5,860281.5,204103.5625,77816.60156,63081.125
ATIC,Bifunctional purine biosynthesis protein ATIC,P31939,P31939,2.820351461490372E-07,0,_TVASPGVTVEEAVEQIDIGGVTLLR_.3,7913465.5,7238843,7083090,5454539.5,3291901,1542812.125,362589.375,132593.6719,204328.2969,78022.96875,7737944,7905190,7139547.5,5418269,3401837.5,1514126.75,406318.0313,113143.5781,82515.23438,61517.41016,5856743,7362987.5,7787083.5,7474739,5833905,2883893.25,819077.75,183982.375,61592.74609,104784.125,7475048,7223275,7401514,6296286,4941358,2939028.5,860281.5,204103.5625,77816.60156,63081.125
ATIC,Bifunctional purine biosynthesis protein ATIC,P31939,P31939,2.820351461490372E-07,0,_LAGDKANYWWLR_.3,7913465.5,7238843,7083090,5454539.5,3291901,1542812.125,362589.375,132593.6719,204328.2969,78022.96875,7737944,7905190,7139547.5,5418269,3401837.5,1514126.75,406318.0313,113143.5781,82515.23438,61517.41016,5856743,7362987.5,7787083.5,7474739,5833905,2883893.25,819077.75,183982.375,61592.74609,104784.125,7475048,7223275,7401514,6296286,4941358,2939028.5,860281.5,204103.5625,77816.60156,63081.125
